value,count,share
f,2,0.6666666666666666
m,1,0.3333333333333333
