,age,salary,score,height,experience
age,1.0,0.9958358667363908,0.8675194636360587,0.9960120978271958,0.9953398827416543
salary,0.9958358667363908,1.0,0.8212060420447437,0.9841445493010532,0.9986658208611613
score,0.8675194636360587,0.8212060420447437,1.0,0.904969243621272,0.8218959378325928
height,0.9960120978271958,0.9841445493010532,0.904969243621272,1.0,0.9850626588662006
experience,0.9953398827416543,0.9986658208611613,0.8218959378325928,0.9850626588662006,1.0
