name,dtype,non_null,missing,missing_share,unique,is_numeric,min,max,mean,std
age,int64,10,0,0.0,10,True,25.0,200.0,58.7,62.47852964552437
salary,int64,10,0,0.0,10,True,50000.0,1200000.0,263500.0,443398.05292009725
score,int64,10,0,0.0,10,True,75.0,200.0,92.9,38.07142410435067
height,int64,10,0,0.0,10,True,169.0,300.0,194.1,44.37579420259553
department,object,10,0,0.0,3,False,,,,
experience,int64,10,0,0.0,7,True,1.0,60.0,13.1,22.243351066479768
sex,object,3,7,0.7,2,False,,,,
city,object,10,0,0.0,1,False,,,,
