experiment_id,dataset,seed,model_summary,optimizer,lr,momentum,weight_decay,epochs_trained,best_val_accuracy,best_val_loss
E1,EMNIST,42,"hidden=[256,128] act=relu dropout=0.0 bn=False",Adam,0.001,0.0,0.0,20,0.832370283018868,0.523006327141006
E2,EMNIST,42,"hidden=[256,128] act=relu dropout=0.3 bn=False",Adam,0.001,0.0,0.0,20,0.8237617924528302,0.5369960962601428
E3,EMNIST,42,"hidden=[256,128] act=relu dropout=0.0 bn=True",Adam,0.001,0.0,0.0,20,0.8523584905660377,0.4426510162510962
E4,EMNIST,42,"hidden=[256,128] act=relu dropout=0.0 bn=True",Adam,0.001,0.0,0.0,20,0.8522995283018868,0.4518444975029747
O1,EMNIST,42,"hidden=[256,128] act=relu dropout=0.0 bn=True",Adam,0.1,0.0,0.0,5,0.7840801886792453,0.6673329459046418
O2,EMNIST,42,"hidden=[256,128] act=relu dropout=0.0 bn=True",Adam,1e-05,0.0,0.0,5,0.6653694969303203,1.6291269747716075
O3,EMNIST,42,"hidden=[256,128] act=relu dropout=0.0 bn=True",SGD,0.01,0.9,0.0001,8,0.8461281445791137,0.45099938534340767
